{
  "model": "imu_baseline_smv_2025-11-30_04-29-44",
  "folds": 21,
  "accuracy_mean": 46.86095238095239,
  "accuracy_std": 12.33868992428366,
  "f1_mean": 61.91476190476192,
  "f1_std": 12.501493358414274,
  "precision_mean": 45.99809523809524,
  "precision_std": 13.533648665104183,
  "recall_mean": 99.93571428571428,
  "recall_std": 0.2945941518185885,
  "auc_mean": 50.68666666666667,
  "auc_std": 2.3985585949343275
}