{
  "model": "transformer_se_2025-11-30_02-06-39",
  "folds": 22,
  "accuracy_mean": 86.35727272727273,
  "accuracy_std": 9.18199282333591,
  "f1_mean": 86.3731818181818,
  "f1_std": 10.547990730066006,
  "precision_mean": 93.30727272727273,
  "precision_std": 8.619526659094445,
  "recall_mean": 81.16363636363636,
  "recall_std": 13.11491646051296,
  "auc_mean": 87.50863636363637,
  "auc_std": 8.477749755040596
}