{
  "model": "dual_stream_simple_2025-11-30_02-07-35",
  "folds": 21,
  "accuracy_mean": 47.03619047619048,
  "accuracy_std": 12.209805271252478,
  "f1_mean": 61.97095238095238,
  "f1_std": 12.434850986144511,
  "precision_mean": 46.04904761904762,
  "precision_std": 13.478958010455374,
  "recall_mean": 99.88571428571429,
  "recall_std": 0.523722936566383,
  "auc_mean": 50.78666666666667,
  "auc_std": 2.634437953972979
}