{
  "model": "transformer_baseline_smv_2025-11-30_04-25-12",
  "folds": 22,
  "accuracy_mean": 81.21272727272726,
  "accuracy_std": 12.781049283185663,
  "f1_mean": 81.27954545454546,
  "f1_std": 13.205531120121682,
  "precision_mean": 93.10045454545453,
  "precision_std": 6.296901337182952,
  "recall_mean": 74.13181818181819,
  "recall_std": 18.27336798428734,
  "auc_mean": 83.96318181818181,
  "auc_std": 9.05498304611157
}