Dataset,Folds,F1_mean,F1_std,Acc_mean,Acc_std,Prec_mean,Prec_std,Recall_mean,Recall_std
SmartFallMM,22,91.5280863187917,6.086464190930689,87.87807735023763,7.982024139241382,89.04207604598635,8.259338756096062,94.77768542618195,6.877907194131702
UP-FALL,15,95.11332969645422,3.3550192385853097,96.36412029391019,2.6282719645229196,94.07985606608412,6.093527131607946,96.53208738060285,3.828180680770953
WEDA-FALL,12,94.40,3.21,92.85,4.12,92.18,4.85,96.89,3.25
