model1,model2,metric,n_pairs,mean1,mean2,std1,std2,diff_mean,diff_std,t_statistic,p_value,cohens_d,effect_interpretation,ci_95_low,ci_95_high,significant_05,significant_01,winner
single_stream,dual_symmetric,f1,22,0.882740909090909,0.8678136363636363,0.06417616846753593,0.0743409546705066,0.014927272727272739,0.07052635343561739,0.9699261887178614,0.34312280461314393,0.2100095750189017,small,-0.017078217369553603,0.046932762824099084,False,False,no significant difference
dual_symmetric,dual_asymmetric,f1,22,0.8678136363636363,0.8176454545454545,0.0743409546705066,0.10224335376164925,0.050168181818181834,0.11773441756135884,1.9526956978430745,0.06431281408830318,0.5483394114822634,medium,-0.003260750088181122,0.10359711372454479,False,False,no significant difference
dual_asymmetric,dual_asym_dropout,f1,22,0.8176454545454545,0.8655272727272727,0.10224335376164925,0.08730835731015874,-0.04788181818181818,0.11885630987328445,-1.8461119688489882,0.07902067387340969,-0.49207050517650686,small,-0.1018198748554473,0.006056238491810952,False,False,no significant difference
kalman_single,kalman_dual,f1,22,0.8980818181818183,0.9059272727272728,0.07895106445458727,0.06830210419904008,-0.007845454545454544,0.03250466717918754,-1.106068526026958,0.28120739457900834,-0.10383627186227162,negligible,-0.022596363288437053,0.006905454197527966,False,False,no significant difference
