model1,model2,metric,n_pairs,mean1,mean2,std1,std2,diff_mean,diff_std,t_statistic,p_value,cohens_d,effect_interpretation,ci_95_low,ci_95_high,significant_05,significant_01,winner
single_stream,dual_symmetric,f1,22,0.838909090909091,0.8120545454545455,0.10685121732871414,0.1068278425031803,0.026854545454545464,0.08648452161710118,1.4229481183226291,0.16943779983681836,0.24557499375636338,small,-0.012392904120055746,0.06610199502914668,False,False,no significant difference
dual_symmetric,dual_asymmetric,f1,22,0.8120545454545455,0.8088545454545456,0.1068278425031803,0.12357590868211965,0.003199999999999993,0.11576125117122425,0.12667660443794398,0.9004014389231276,0.027067265519316666,negligible,-0.0493334913471613,0.05573349134716129,False,False,no significant difference
dual_asymmetric,dual_asym_dropout,f1,22,0.8088545454545456,0.8461772727272726,0.12357590868211965,0.07441676211359288,-0.03732272727272728,0.11916583910980448,-1.4352621871094053,0.16593999234666504,-0.35748887829358156,small,-0.0914012510828455,0.016755796537390948,False,False,no significant difference
kalman_single,kalman_dual,f1,22,0.8621636363636362,0.8788909090909091,0.08407673197445376,0.07430613524829018,-0.016727272727272733,0.04076981037503766,-1.8801655621589808,0.07402990278894485,-0.20597780586288522,small,-0.0352289773900403,0.0017744319354948308,False,False,no significant difference
