{
  "model": "dual_stream_robust_2025-11-30_02-28-56",
  "folds": 21,
  "accuracy_mean": 47.49619047619048,
  "accuracy_std": 12.186246130860184,
  "f1_mean": 61.60857142857144,
  "f1_std": 12.770880660985867,
  "precision_mean": 46.06714285714286,
  "precision_std": 13.459611488767848,
  "recall_mean": 98.07619047619048,
  "recall_std": 8.545051478013738,
  "auc_mean": 50.71761904761905,
  "auc_std": 2.5780261921902667
}