{
  "model": "imu_se_smv_2025-11-30_04-29-44",
  "folds": 21,
  "accuracy_mean": 48.078571428571436,
  "accuracy_std": 12.842251082156231,
  "f1_mean": 62.529523809523816,
  "f1_std": 12.404771854488287,
  "precision_mean": 46.63047619047619,
  "precision_std": 13.382604931847341,
  "recall_mean": 99.88571428571429,
  "recall_std": 0.523722936566383,
  "auc_mean": 51.5947619047619,
  "auc_std": 5.468555219660509
}