{
  "model": "imu_baseline_2025-11-30_02-07-35",
  "folds": 21,
  "accuracy_mean": 46.704285714285724,
  "accuracy_std": 12.45510721408233,
  "f1_mean": 61.85000000000001,
  "f1_std": 12.55273117691923,
  "precision_mean": 45.93857142857143,
  "precision_std": 13.581101312380484,
  "recall_mean": 99.92857142857143,
  "recall_std": 0.3273268353539886,
  "auc_mean": 50.56333333333333,
  "auc_std": 2.281235045613085
}