{
  "timestamp": "2025-12-01T23:53:44.778090",
  "results_dir": "results/focal_loss_comparison_1201_2140",
  "experiments": {
    "se_bce": {
      "display_name": "IMUTransformerSE + BCE",
      "model": "IMUTransformerSE",
      "loss": "BCE",
      "status": "COMPLETED",
      "n_complete_folds": 22,
      "n_partial_folds": 0,
      "metrics": {
        "val_acc": {
          "mean": 93.66318181818183,
          "std": 1.56377860082452
        },
        "val_f1": {
          "mean": 94.96590909090907,
          "std": 1.2906047176382418
        },
        "test_acc": {
          "mean": 82.53590909090909,
          "std": 9.90595214050206
        },
        "test_f1": {
          "mean": 84.7509090909091,
          "std": 10.030576394700224
        }
      }
    },
    "se_focal": {
      "display_name": "IMUTransformerSE + Focal",
      "model": "IMUTransformerSE",
      "loss": "Focal",
      "status": "COMPLETED",
      "n_complete_folds": 22,
      "n_partial_folds": 0,
      "metrics": {
        "val_acc": {
          "mean": 90.34727272727274,
          "std": 4.42439536887983
        },
        "val_f1": {
          "mean": 92.68454545454546,
          "std": 3.1977161271370034
        },
        "test_acc": {
          "mean": 83.54772727272727,
          "std": 9.070864914067245
        },
        "test_f1": {
          "mean": 86.56727272727272,
          "std": 8.241759621154488
        }
      }
    },
    "ds_bce": {
      "display_name": "DualStreamRobust + BCE",
      "model": "DualStreamRobust",
      "loss": "BCE",
      "status": "COMPLETED",
      "n_complete_folds": 22,
      "n_partial_folds": 0,
      "metrics": {
        "val_acc": {
          "mean": 92.70136363636364,
          "std": 2.3151993738112195
        },
        "val_f1": {
          "mean": 94.39590909090909,
          "std": 1.7339908227997411
        },
        "test_acc": {
          "mean": 84.55954545454546,
          "std": 9.35153000475067
        },
        "test_f1": {
          "mean": 85.81363636363638,
          "std": 9.98686889937097
        }
      }
    },
    "ds_focal": {
      "display_name": "DualStreamRobust + Focal",
      "model": "DualStreamRobust",
      "loss": "Focal",
      "status": "COMPLETED",
      "n_complete_folds": 22,
      "n_partial_folds": 0,
      "metrics": {
        "val_acc": {
          "mean": 86.34863636363637,
          "std": 4.788776931966265
        },
        "val_f1": {
          "mean": 90.235,
          "std": 3.154668618240129
        },
        "test_acc": {
          "mean": 79.9809090909091,
          "std": 9.413262843210738
        },
        "test_f1": {
          "mean": 83.71863636363636,
          "std": 8.599463670091476
        }
      }
    }
  }
}