{
  "model": "transformer_baseline_2025-11-30_02-06-39",
  "folds": 22,
  "accuracy_mean": 77.60636363636362,
  "accuracy_std": 9.722154643343774,
  "f1_mean": 76.28818181818181,
  "f1_std": 13.59769575590401,
  "precision_mean": 93.63181818181819,
  "precision_std": 9.346938707591017,
  "recall_mean": 66.87772727272726,
  "recall_std": 17.262510972188696,
  "auc_mean": 80.68227272727273,
  "auc_std": 8.350597886674647
}