{
  "model": "dual_stream_robust_smv_2025-11-30_04-41-29",
  "folds": 21,
  "accuracy_mean": 47.92000000000001,
  "accuracy_std": 12.436462519543088,
  "f1_mean": 62.21285714285715,
  "f1_std": 12.310606460632696,
  "precision_mean": 46.45333333333334,
  "precision_std": 13.315355546636123,
  "recall_mean": 99.13285714285715,
  "recall_std": 3.46356340039726,
  "auc_mean": 51.278571428571425,
  "auc_std": 4.097899810530127
}