{
  "model": "transformer_se_smv_2025-11-30_04-29-44",
  "folds": 22,
  "accuracy_mean": 85.50045454545453,
  "accuracy_std": 9.81891589267162,
  "f1_mean": 85.5409090909091,
  "f1_std": 11.475646224812625,
  "precision_mean": 91.61090909090909,
  "precision_std": 9.560240537465525,
  "recall_mean": 81.23500000000001,
  "recall_std": 14.856516527548887,
  "auc_mean": 86.63045454545454,
  "auc_std": 9.284000306350258
}