{
  "model": "imu_se_2025-11-30_02-07-35",
  "folds": 21,
  "accuracy_mean": 48.021904761904764,
  "accuracy_std": 12.80571966702677,
  "f1_mean": 62.50142857142858,
  "f1_std": 12.402802217932159,
  "precision_mean": 46.59952380952382,
  "precision_std": 13.381312146493883,
  "recall_mean": 99.9,
  "recall_std": 0.45825756949558283,
  "auc_mean": 51.56,
  "auc_std": 5.333696654291468
}