{
  "model": "dual_stream_simple_smv_2025-11-30_04-41-29",
  "folds": 21,
  "accuracy_mean": 46.71380952380952,
  "accuracy_std": 12.446975325833373,
  "f1_mean": 61.60761904761906,
  "f1_std": 12.8122039106322,
  "precision_mean": 45.83380952380952,
  "precision_std": 13.68310764270693,
  "recall_mean": 99.02666666666667,
  "recall_std": 3.9452925535799426,
  "auc_mean": 50.34952380952382,
  "auc_std": 2.299794504277449
}